text,sentiment
Debemos recordar que mañana es feriado nacional y que muchas tiendas permanecerán cerradas todo el día.,neutral
La sensación de haber cumplido un sueño después de tanto esfuerzo es algo realmente indescriptible.,positive
Estoy revisando cuidadosamente todos los correos electrónicos recibidos durante el fin de semana pasado.,neutral
Siento que mis esfuerzos no sirven para nada porque siempre termino en el mismo punto frustrante inicial.,negative
Disfrutar de un hermoso día soleado rodeado de personas positivas hace que todo valga la pena siempre.,positive
La sensación constante de fracaso está comenzando a afectar seriamente mi confianza y autoestima.,negative
El autobús que utilizo diariamente suele demorar aproximadamente media hora en llegar hasta mi destino.,neutral
El desánimo se apodera de mí cuando veo que mis expectativas se derrumban una y otra vez sin mejoras.,negative
La película que planeamos ver en el cine esta noche tiene una duración aproximada de ciento veinte minutos.,neutral
Estoy revisando cuidadosamente todos los correos electrónicos recibidos durante el fin de semana pasado.,neutral
La vida está llena de sorpresas hermosas cuando mantienes una actitud positiva y abierta al mundo entero.,positive
Disfrutar de un hermoso día soleado rodeado de personas positivas hace que todo valga la pena siempre.,positive
La tristeza que siento últimamente es tan profunda que ni siquiera las cosas que disfrutaba antes me animan.,negative
La película que planeamos ver en el cine esta noche tiene una duración aproximada de ciento veinte minutos.,neutral
Me duele profundamente la indiferencia y falta de comprensión que percibo en muchas personas cercanas.,negative
Estoy revisando cuidadosamente todos los correos electrónicos recibidos durante el fin de semana pasado.,neutral
Disfrutar de un hermoso día soleado rodeado de personas positivas hace que todo valga la pena siempre.,positive
Experimentar el éxito después de superar numerosos obstáculos es una satisfacción realmente única y especial.,positive
El supermercado del barrio cerrará sus puertas temporalmente por remodelaciones a partir del próximo lunes.,neutral
La sensación constante de fracaso está comenzando a afectar seriamente mi confianza y autoestima.,negative
Estoy harto de vivir situaciones injustas que parecen repetirse una y otra vez sin ninguna salida aparente.,negative
Es agotador luchar constantemente contra circunstancias que escapan completamente de mi control diario.,negative
La sensación de haber cumplido un sueño después de tanto esfuerzo es algo realmente indescriptible.,positive
"Cada momento a tu lado es un regalo que atesoro profundamente en mi corazón, gracias por estar aquí.",positive
"Hoy estoy lleno de energía positiva, listo para aprovechar cada oportunidad que se presente ante mí.",positive
Me duele profundamente la indiferencia y falta de comprensión que percibo en muchas personas cercanas.,negative
Debemos recordar que mañana es feriado nacional y que muchas tiendas permanecerán cerradas todo el día.,neutral
La vida últimamente se ha vuelto tan caótica y desalentadora que me cuesta encontrar algo positive en ella.,negative
Experimentar el éxito después de superar numerosos obstáculos es una satisfacción realmente única y especial.,positive
Estoy increíblemente feliz y agradecido por tener personas maravillosas como tú en mi vida cada día.,positive
"Cada momento a tu lado es un regalo que atesoro profundamente en mi corazón, gracias por estar aquí.",positive
Es una alegría inmensa saber que cuento con amigos y familiares que siempre me apoyan incondicionalmente.,positive
La vida últimamente se ha vuelto tan caótica y desalentadora que me cuesta encontrar algo positive en ella.,negative
Experimentar el éxito después de superar numerosos obstáculos es una satisfacción realmente única y especial.,positive
La clase de historia que estoy cursando actualmente tiene una duración de dos horas todos los miércoles.,neutral
El supermercado del barrio cerrará sus puertas temporalmente por remodelaciones a partir del próximo lunes.,neutral
La película que planeamos ver en el cine esta noche tiene una duración aproximada de ciento veinte minutos.,neutral
El autobús que utilizo diariamente suele demorar aproximadamente media hora en llegar hasta mi destino.,neutral
La sensación de haber cumplido un sueño después de tanto esfuerzo es algo realmente indescriptible.,positive
Me siento absolutamente inspirado por las cosas maravillosas que la vida me ofrece todos los días.,positive
Experimentar el éxito después de superar numerosos obstáculos es una satisfacción realmente única y especial.,positive
La vida está llena de sorpresas hermosas cuando mantienes una actitud positiva y abierta al mundo entero.,positive
Es agotador luchar constantemente contra circunstancias que escapan completamente de mi control diario.,negative
Estoy completamente decepcionado y frustrado por los continuos problemas que parecen nunca tener solución.,negative
Cada día parece más difícil enfrentar las mismas situaciones negativas que no logro cambiar ni evitar.,negative
Cada día parece más difícil enfrentar las mismas situaciones negativas que no logro cambiar ni evitar.,negative
"Hoy estoy lleno de energía positiva, listo para aprovechar cada oportunidad que se presente ante mí.",positive
"Hoy estoy lleno de energía positiva, listo para aprovechar cada oportunidad que se presente ante mí.",positive
Me siento absolutamente inspirado por las cosas maravillosas que la vida me ofrece todos los días.,positive
Tengo una cita médica programada para mañana temprano en el hospital ubicado en el centro de la ciudad.,neutral
El desánimo se apodera de mí cuando veo que mis expectativas se derrumban una y otra vez sin mejoras.,negative
Estoy increíblemente feliz y agradecido por tener personas maravillosas como tú en mi vida cada día.,positive
"Cada momento a tu lado es un regalo que atesoro profundamente en mi corazón, gracias por estar aquí.",positive
Estoy increíblemente feliz y agradecido por tener personas maravillosas como tú en mi vida cada día.,positive
La vida está llena de sorpresas hermosas cuando mantienes una actitud positiva y abierta al mundo entero.,positive
Siento que mis esfuerzos no sirven para nada porque siempre termino en el mismo punto frustrante inicial.,negative
El autobús que utilizo diariamente suele demorar aproximadamente media hora en llegar hasta mi destino.,neutral
La vida últimamente se ha vuelto tan caótica y desalentadora que me cuesta encontrar algo positive en ella.,negative
Estoy harto de vivir situaciones injustas que parecen repetirse una y otra vez sin ninguna salida aparente.,negative
Nada supera la emoción que siento cuando alcanzo mis metas personales y profesionales una tras otra.,positive
Estoy harto de vivir situaciones injustas que parecen repetirse una y otra vez sin ninguna salida aparente.,negative
La sensación de haber cumplido un sueño después de tanto esfuerzo es algo realmente indescriptible.,positive
Me siento absolutamente inspirado por las cosas maravillosas que la vida me ofrece todos los días.,positive
La tristeza que siento últimamente es tan profunda que ni siquiera las cosas que disfrutaba antes me animan.,negative
Siento que mis esfuerzos no sirven para nada porque siempre termino en el mismo punto frustrante inicial.,negative
La reunión de trabajo programada para hoy se llevará a cabo en la sala principal a partir de las tres.,neutral
Nada supera la emoción que siento cuando alcanzo mis metas personales y profesionales una tras otra.,positive
Nada supera la emoción que siento cuando alcanzo mis metas personales y profesionales una tras otra.,positive
La clase de historia que estoy cursando actualmente tiene una duración de dos horas todos los miércoles.,neutral
Nada supera la emoción que siento cuando alcanzo mis metas personales y profesionales una tras otra.,positive
La reunión de trabajo programada para hoy se llevará a cabo en la sala principal a partir de las tres.,neutral
Es una alegría inmensa saber que cuento con amigos y familiares que siempre me apoyan incondicionalmente.,positive
"Hoy estoy lleno de energía positiva, listo para aprovechar cada oportunidad que se presente ante mí.",positive
Tengo una cita médica programada para mañana temprano en el hospital ubicado en el centro de la ciudad.,neutral
El supermercado del barrio cerrará sus puertas temporalmente por remodelaciones a partir del próximo lunes.,neutral
Estoy completamente decepcionado y frustrado por los continuos problemas que parecen nunca tener solución.,negative
Debemos recordar que mañana es feriado nacional y que muchas tiendas permanecerán cerradas todo el día.,neutral
Tengo una cita médica programada para mañana temprano en el hospital ubicado en el centro de la ciudad.,neutral
Estoy completamente decepcionado y frustrado por los continuos problemas que parecen nunca tener solución.,negative
Es una alegría inmensa saber que cuento con amigos y familiares que siempre me apoyan incondicionalmente.,positive
Me siento absolutamente inspirado por las cosas maravillosas que la vida me ofrece todos los días.,positive
Es una alegría inmensa saber que cuento con amigos y familiares que siempre me apoyan incondicionalmente.,positive
Estoy increíblemente feliz y agradecido por tener personas maravillosas como tú en mi vida cada día.,positive
He estado pensando en organizar los documentos pendientes antes de terminar la jornada laboral actual.,neutral
La reunión de trabajo programada para hoy se llevará a cabo en la sala principal a partir de las tres.,neutral
Es agotador luchar constantemente contra circunstancias que escapan completamente de mi control diario.,negative
La temperatura actual es de veinte grados Celsius con cielos despejados y pocas probabilidades de lluvia.,neutral
He estado pensando en organizar los documentos pendientes antes de terminar la jornada laboral actual.,neutral
La vida está llena de sorpresas hermosas cuando mantienes una actitud positiva y abierta al mundo entero.,positive
Disfrutar de un hermoso día soleado rodeado de personas positivas hace que todo valga la pena siempre.,positive
He estado pensando en organizar los documentos pendientes antes de terminar la jornada laboral actual.,neutral
La sensación constante de fracaso está comenzando a afectar seriamente mi confianza y autoestima.,negative
La tristeza que siento últimamente es tan profunda que ni siquiera las cosas que disfrutaba antes me animan.,negative
Me duele profundamente la indiferencia y falta de comprensión que percibo en muchas personas cercanas.,negative
El desánimo se apodera de mí cuando veo que mis expectativas se derrumban una y otra vez sin mejoras.,negative
"Cada momento a tu lado es un regalo que atesoro profundamente en mi corazón, gracias por estar aquí.",positive
Cada día parece más difícil enfrentar las mismas situaciones negativas que no logro cambiar ni evitar.,negative
La temperatura actual es de veinte grados Celsius con cielos despejados y pocas probabilidades de lluvia.,neutral
La temperatura actual es de veinte grados Celsius con cielos despejados y pocas probabilidades de lluvia.,neutral
La clase de historia que estoy cursando actualmente tiene una duración de dos horas todos los miércoles.,neutral
